brand_slug,part_number,title,url,availability,category,series,raw
"allen-bradley","mpl-b4540f-mk24aa","All Products","https://www.obsoautomation.com/product/mpl-b4540f-mk24aa/","","","","{""snippet"":""All Products Per Page 12 24 60 Product Manufacturer View XMPL-B4540F-MK24AAAvailableALLEN BRADLEY SERVO MOTOR[…]ALLEN BRADLEYQuick QuoteQuick QuoteAvailable to EnquiryRemoveX193-EF2AKFAvailableALLEN BRADLEY OVERLOAD RELAY[…]ALLEN BRADLEYQuick QuoteQuick QuoteAvailable to EnquiryRemoveX5069-IA16AvailableALLEN BRADLEY I/O MODULE[…]ALLEN BRADLEYQuick QuoteQuick QuoteAvailable to EnquiryRemoveX20F1ANC205JN0NNNNNAvailableALLEN BRADLEY DRIVE TECHNOLOGY[…]ALLEN BRADLEYQuick QuoteQuick QuoteAvailable to EnquiryRemoveX25B-D037N114AvailableALLEN BRADLEY AC DRIVE[…]ALLEN BRADLEYQuick QuoteQuick QuoteAvailable to EnquiryRemoveX25B-D024N114AvailableALLEN BRADLEY Inverter Drive[…]ALLEN BRADLEYQuick QuoteQuick QuoteAvailable to EnquiryRemoveX2711P-K6M5A8AvailableALLEN BRADLEY OPERATOR INTERFACE[…]ALLEN BRADLEYQuick QuoteQuick QuoteAvailable to EnquiryRemoveX2711P-RDK15CAvailableALLEN BRADLEY OPERATOR INTERFACE[…]ALLEN BRADLEYQuick QuoteQuick QuoteAvailable to EnquiryRemoveX25B-E022N104AvailableALLEN BRADLEY DRIVE TECHNOLOGY[…]ALLEN BRADLEYQuick QuoteQuick QuoteAvailable to EnquiryRemoveX1756-EN2TAvailableALLEN BRADLEY LOGIX ETHERNET MODULE HIGH-CAPACITY[…]ALLEN BRADLEYQuick QuoteQuick QuoteAvailable to EnquiryRemoveX1783-ETAP1FAvailableALLEN BRADLEY PLC EQUIPMENT[…]ALLEN BRADLEYQuick QuoteQuick QuoteAvailable to EnquiryRemoveX193-ETNAvailableALLEN BRADLEY ETHERNET/IP MODULE[…]ALLEN BRADLEYQuick QuoteQuick QuoteAvailable to EnquiryRemove 1 2 3 … 12,350 →""}"
"allen-bradley","193-ef2akf","193-EF2AKF","https://www.obsoautomation.com/product/193-ef2akf/","","","","{""snippet"":""X193-EF2AKFAvailableALLEN BRADLEY OVERLOAD RELAY[…]ALLEN BRADLEYQuick QuoteQuick QuoteAvailable to EnquiryRemove""}"
"allen-bradley","5069-ia16","5069-IA16","https://www.obsoautomation.com/product/5069-ia16/","","","","{""snippet"":""X5069-IA16AvailableALLEN BRADLEY I/O MODULE[…]ALLEN BRADLEYQuick QuoteQuick QuoteAvailable to EnquiryRemove""}"
"allen-bradley","20f1anc205jn0nnnnn","20F1ANC205JN0NNNNN","https://www.obsoautomation.com/product/20f1anc205jn0nnnnn/","","","","{""snippet"":""X20F1ANC205JN0NNNNNAvailableALLEN BRADLEY DRIVE TECHNOLOGY[…]ALLEN BRADLEYQuick QuoteQuick QuoteAvailable to EnquiryRemove""}"
"allen-bradley","25b-d037n114","25B-D037N114","https://www.obsoautomation.com/product/25b-d037n114/","","","","{""snippet"":""X25B-D037N114AvailableALLEN BRADLEY AC DRIVE[…]ALLEN BRADLEYQuick QuoteQuick QuoteAvailable to EnquiryRemove""}"
"allen-bradley","25b-d024n114","25B-D024N114","https://www.obsoautomation.com/product/25b-d024n114/","","","","{""snippet"":""X25B-D024N114AvailableALLEN BRADLEY Inverter Drive[…]ALLEN BRADLEYQuick QuoteQuick QuoteAvailable to EnquiryRemove""}"
"allen-bradley","2711p-k6m5a8","2711P-K6M5A8","https://www.obsoautomation.com/product/2711p-k6m5a8/","","","","{""snippet"":""X2711P-K6M5A8AvailableALLEN BRADLEY OPERATOR INTERFACE[…]ALLEN BRADLEYQuick QuoteQuick QuoteAvailable to EnquiryRemove""}"
"allen-bradley","2711p-rdk15c","2711P-RDK15C","https://www.obsoautomation.com/product/2711p-rdk15c/","","","","{""snippet"":""X2711P-RDK15CAvailableALLEN BRADLEY OPERATOR INTERFACE[…]ALLEN BRADLEYQuick QuoteQuick QuoteAvailable to EnquiryRemove""}"
"allen-bradley","25b-e022n104","25B-E022N104","https://www.obsoautomation.com/product/25b-e022n104/","","","","{""snippet"":""X25B-E022N104AvailableALLEN BRADLEY DRIVE TECHNOLOGY[…]ALLEN BRADLEYQuick QuoteQuick QuoteAvailable to EnquiryRemove""}"
"allen-bradley","1756-en2t","1756-EN2T","https://www.obsoautomation.com/product/1756-en2t/","","","","{""snippet"":""X1756-EN2TAvailableALLEN BRADLEY LOGIX ETHERNET MODULE HIGH-CAPACITY[…]ALLEN BRADLEYQuick QuoteQuick QuoteAvailable to EnquiryRemove""}"
"allen-bradley","1783-etap1f","1783-ETAP1F","https://www.obsoautomation.com/product/1783-etap1f/","","","","{""snippet"":""X1783-ETAP1FAvailableALLEN BRADLEY PLC EQUIPMENT[…]ALLEN BRADLEYQuick QuoteQuick QuoteAvailable to EnquiryRemove""}"
"allen-bradley","193-etn","193-ETN","https://www.obsoautomation.com/product/193-etn/","","","","{""snippet"":""X193-ETNAvailableALLEN BRADLEY ETHERNET/IP MODULE[…]ALLEN BRADLEYQuick QuoteQuick QuoteAvailable to EnquiryRemove""}"
"allen-bradley","mr-j2s-100b","MR-J2S-100B","https://www.obsoautomation.com/product/mr-j2s-100b/","","","","{""snippet"":""MR-J2S-100B Available MITSUBISHI SERVO AMPLIFIER[…] Get a Quote""}"
"siemens","7mh7158-0ba00","All Products","https://www.obsoautomation.com/product/7mh7158-0ba00/","","","","{""snippet"":""All Products Per Page 12 24 60 Product Manufacturer View X7MH7158-0BA00AvailableSIEMENS SITRANS WM100[…]SIEMENSQuick QuoteQuick QuoteAvailable to EnquiryRemoveX7MH7158-0BA00-ZC11AvailableSIEMENS SITRANS WM100[…]SIEMENSQuick QuoteQuick QuoteAvailable to EnquiryRemoveX7MH7161-0AA10AvailableSIEMENS TEST CHAINS[…]SIEMENSQuick QuoteQuick QuoteAvailable to EnquiryRemoveX7MH7161-0AA10-ZY01AvailableSIEMENS TEST CHAINS[…]SIEMENSQuick QuoteQuick QuoteAvailable to EnquiryRemoveX7MH7161-0AA20AvailableSIEMENS TEST CHAINS[…]SIEMENSQuick QuoteQuick QuoteAvailable to EnquiryRemoveX7MH7161-0AA20-ZY01AvailableSIEMENS TEST CHAINS[…]SIEMENSQuick QuoteQuick QuoteAvailable to EnquiryRemoveX7MH7161-0AA30-ZY01AvailableSIEMENS TEST CHAINS[…]SIEMENSQuick QuoteQuick QuoteAvailable to EnquiryRemoveX7MH7161-0AA40-ZY01AvailableSIEMENS TEST CHAINS[…]SIEMENSQuick QuoteQuick QuoteAvailable to EnquiryRemoveX7MH7161-0AA50-ZY01AvailableSIEMENS TEST CHAINS[…]SIEMENSQuick QuoteQuick QuoteAvailable to EnquiryRemoveX7MH7161-0BB20AvailableSIEMENS TEST CHAINS[…]SIEMENSQuick QuoteQuick QuoteAvailable to EnquiryRemoveX7MH7161-0BB20-ZY01AvailableSIEMENS TEST CHAINS[…]SIEMENSQuick QuoteQuick QuoteAvailable to EnquiryRemoveX7MH7161-0BB30AvailableSIEMENS TEST CHAINS[…]SIEMENSQuick QuoteQuick QuoteAvailable to EnquiryRemove 1 2 3 … 11,293 →""}"
"siemens","7mh7158-0ba00-zc11","7MH7158-0BA00-ZC11","https://www.obsoautomation.com/product/7mh7158-0ba00-zc11/","","","","{""snippet"":""X7MH7158-0BA00-ZC11AvailableSIEMENS SITRANS WM100[…]SIEMENSQuick QuoteQuick QuoteAvailable to EnquiryRemove""}"
"siemens","7mh7161-0aa10","7MH7161-0AA10","https://www.obsoautomation.com/product/7mh7161-0aa10/","","","","{""snippet"":""X7MH7161-0AA10AvailableSIEMENS TEST CHAINS[…]SIEMENSQuick QuoteQuick QuoteAvailable to EnquiryRemove""}"
"siemens","7mh7161-0aa10-zy01","7MH7161-0AA10-ZY01","https://www.obsoautomation.com/product/7mh7161-0aa10-zy01/","","","","{""snippet"":""X7MH7161-0AA10-ZY01AvailableSIEMENS TEST CHAINS[…]SIEMENSQuick QuoteQuick QuoteAvailable to EnquiryRemove""}"
"siemens","7mh7161-0aa20","7MH7161-0AA20","https://www.obsoautomation.com/product/7mh7161-0aa20/","","","","{""snippet"":""X7MH7161-0AA20AvailableSIEMENS TEST CHAINS[…]SIEMENSQuick QuoteQuick QuoteAvailable to EnquiryRemove""}"
"siemens","7mh7161-0aa20-zy01","7MH7161-0AA20-ZY01","https://www.obsoautomation.com/product/7mh7161-0aa20-zy01/","","","","{""snippet"":""X7MH7161-0AA20-ZY01AvailableSIEMENS TEST CHAINS[…]SIEMENSQuick QuoteQuick QuoteAvailable to EnquiryRemove""}"
"siemens","7mh7161-0aa30-zy01","7MH7161-0AA30-ZY01","https://www.obsoautomation.com/product/7mh7161-0aa30-zy01/","","","","{""snippet"":""X7MH7161-0AA30-ZY01AvailableSIEMENS TEST CHAINS[…]SIEMENSQuick QuoteQuick QuoteAvailable to EnquiryRemove""}"
"siemens","7mh7161-0aa40-zy01","7MH7161-0AA40-ZY01","https://www.obsoautomation.com/product/7mh7161-0aa40-zy01/","","","","{""snippet"":""X7MH7161-0AA40-ZY01AvailableSIEMENS TEST CHAINS[…]SIEMENSQuick QuoteQuick QuoteAvailable to EnquiryRemove""}"
"siemens","7mh7161-0aa50-zy01","7MH7161-0AA50-ZY01","https://www.obsoautomation.com/product/7mh7161-0aa50-zy01/","","","","{""snippet"":""X7MH7161-0AA50-ZY01AvailableSIEMENS TEST CHAINS[…]SIEMENSQuick QuoteQuick QuoteAvailable to EnquiryRemove""}"
"siemens","7mh7161-0bb20","7MH7161-0BB20","https://www.obsoautomation.com/product/7mh7161-0bb20/","","","","{""snippet"":""X7MH7161-0BB20AvailableSIEMENS TEST CHAINS[…]SIEMENSQuick QuoteQuick QuoteAvailable to EnquiryRemove""}"
"siemens","7mh7161-0bb20-zy01","7MH7161-0BB20-ZY01","https://www.obsoautomation.com/product/7mh7161-0bb20-zy01/","","","","{""snippet"":""X7MH7161-0BB20-ZY01AvailableSIEMENS TEST CHAINS[…]SIEMENSQuick QuoteQuick QuoteAvailable to EnquiryRemove""}"
"siemens","7mh7161-0bb30","7MH7161-0BB30","https://www.obsoautomation.com/product/7mh7161-0bb30/","","","","{""snippet"":""X7MH7161-0BB30AvailableSIEMENS TEST CHAINS[…]SIEMENSQuick QuoteQuick QuoteAvailable to EnquiryRemove""}"
"siemens","1794-aent","1794-AENT","https://www.obsoautomation.com/product/1794-aent/","","","","{""snippet"":""1794-AENT Available ALLEN BRADLEY Digital Cable Connection Products[…] Get a Quote""}"
"siemens","e200","E200","https://www.obsoautomation.com/product/e200/","","","","{""snippet"":""E200 Available BEIJER HMI[…] Get a Quote""}"
"siemens","2198-d012-ers3","2198-D012-ERS3","https://www.obsoautomation.com/product/2198-d012-ers3/","","","","{""snippet"":""2198-D012-ERS3 Available ALLEN BRADLEY DUAL AXIS INVERTER[…] Get a Quote""}"
"siemens","e1022","E1022","https://www.obsoautomation.com/product/e1022/","","","","{""snippet"":""E1022 Available Beijer Electronics HMI[…] Get a Quote""}"
"schneider","sh10050030000000001100","All Products","https://www.obsoautomation.com/product/sh10050030000000001100/","","","","{""snippet"":""All Products Per Page 12 24 60 Product Manufacturer View XSH100/50030/0/0/00/00/00/11/00AvailableSCHNEIDER ELECTRIC SERVO MOTOR[…]SCHNEIDER ELECTRICQuick QuoteQuick QuoteAvailable to EnquiryRemoveXATV71HU15M3AvailableSCHNEIDER ELECTRIC SPEED DRIVE[…]SCHNEIDER ELECTRICQuick QuoteQuick QuoteAvailable to EnquiryRemoveXILM1002P02F0000AvailableSchneider Electric integrated servo motor - 4.4 Nm - 3000 rpm - multiturn - with brake[…]SCHNEIDER ELECTRICQuick QuoteQuick QuoteAvailable to EnquiryRemoveXTSXDSY64T2KAvailableSCHNEIDER ELECTRIC OUTPUT MODULE[…]SCHNEIDER ELECTRICQuick QuoteQuick QuoteAvailable to EnquiryRemoveX04243AvailableSCHNEIDER ELECTRIC Covers for horizontal cable straps (4) - Prisma[…]SCHNEIDER ELECTRICQuick QuoteQuick QuoteAvailable to EnquiryRemoveX2070001AvailableSCHNEIDER ELECTRIC TC 22-26 2,5x45mm white Clip, round[…]SCHNEIDER ELECTRICQuick QuoteQuick QuoteAvailable to EnquiryRemoveX23016AvailableSCHNEIDER ELECTRIC ACTI9 IID 4P 40A 30MA A-SI-TYPE RESIDUAL[…]SCHNEIDER ELECTRICQuick QuoteQuick QuoteAvailable to EnquiryRemoveX33622AvailableSCHNEIDER ELECTRIC 3P SPREADER 630/1600A[…]SCHNEIDER ELECTRICQuick QuoteQuick QuoteAvailable to EnquiryRemoveXA9F77316AvailableSCHNEIDER ELECTRIC Acti9, iC60N circuit breaker 3P 16A curve C[…]SCHNEIDER ELECTRICQuick QuoteQuick QuoteAvailable to EnquiryRemoveXA9F79116AvailableSCHNEIDER ELECTRIC iC60N 1P C 16A 6000A[…]SCHNEIDER ELECTRICQuick QuoteQuick QuoteAvailable to EnquiryRemoveXA9F89310AvailableSCHNEIDER ELECTRIC iC60H 3P C 10A 10000A[…]SCHNEIDER ELECTRICQuick QuoteQuick QuoteAvailable to EnquiryRemoveXA9R63640AvailableSCHNEIDER ELECTRIC A9R63640[…]SCHNEIDER ELECTRICQuick QuoteQuick QuoteAvailable to EnquiryRemove 1 2 3 … 2,216 →""}"
"schneider","atv71hu15m3","ATV71HU15M3","https://www.obsoautomation.com/product/atv71hu15m3/","","","","{""snippet"":""XATV71HU15M3AvailableSCHNEIDER ELECTRIC SPEED DRIVE[…]SCHNEIDER ELECTRICQuick QuoteQuick QuoteAvailable to EnquiryRemove""}"
"schneider","ilm1002p02f0000","ILM1002P02F0000","https://www.obsoautomation.com/product/ilm1002p02f0000/","","","","{""snippet"":""XILM1002P02F0000AvailableSchneider Electric integrated servo motor - 4.4 Nm - 3000 rpm - multiturn - with brake[…]SCHNEIDER ELECTRICQuick QuoteQuick QuoteAvailable to EnquiryRemove""}"
"schneider","tsxdsy64t2k","TSXDSY64T2K","https://www.obsoautomation.com/product/tsxdsy64t2k/","","","","{""snippet"":""XTSXDSY64T2KAvailableSCHNEIDER ELECTRIC OUTPUT MODULE[…]SCHNEIDER ELECTRICQuick QuoteQuick QuoteAvailable to EnquiryRemove""}"
"schneider","04243","XAvailableSCHNEIDER ELECTRIC Covers for horizontal cable straps (4) - Prisma[…]SCHNEIDER ELECTRICQuick QuoteQuick QuoteAvailable to EnquiryRemove","https://www.obsoautomation.com/product/04243/","","","","{""snippet"":""X04243AvailableSCHNEIDER ELECTRIC Covers for horizontal cable straps (4) - Prisma[…]SCHNEIDER ELECTRICQuick QuoteQuick QuoteAvailable to EnquiryRemove""}"
"schneider","2070001","XAvailableSCHNEIDER ELECTRIC TC 22-26 2,5x45mm white Clip, round[…]SCHNEIDER ELECTRICQuick QuoteQuick QuoteAvailable to EnquiryRemove","https://www.obsoautomation.com/product/2070001/","","","","{""snippet"":""X2070001AvailableSCHNEIDER ELECTRIC TC 22-26 2,5x45mm white Clip, round[…]SCHNEIDER ELECTRICQuick QuoteQuick QuoteAvailable to EnquiryRemove""}"
"schneider","23016","XAvailableSCHNEIDER ELECTRIC ACTI9 IID 4P 40A 30MA A-SI-TYPE RESIDUAL[…]SCHNEIDER ELECTRICQuick QuoteQuick QuoteAvailable to EnquiryRemove","https://www.obsoautomation.com/product/23016/","","","","{""snippet"":""X23016AvailableSCHNEIDER ELECTRIC ACTI9 IID 4P 40A 30MA A-SI-TYPE RESIDUAL[…]SCHNEIDER ELECTRICQuick QuoteQuick QuoteAvailable to EnquiryRemove""}"
"schneider","33622","XAvailableSCHNEIDER ELECTRIC 3P SPREADER 630/1600A[…]SCHNEIDER ELECTRICQuick QuoteQuick QuoteAvailable to EnquiryRemove","https://www.obsoautomation.com/product/33622/","","","","{""snippet"":""X33622AvailableSCHNEIDER ELECTRIC 3P SPREADER 630/1600A[…]SCHNEIDER ELECTRICQuick QuoteQuick QuoteAvailable to EnquiryRemove""}"
"schneider","a9f77316","A9F77316","https://www.obsoautomation.com/product/a9f77316/","","","","{""snippet"":""XA9F77316AvailableSCHNEIDER ELECTRIC Acti9, iC60N circuit breaker 3P 16A curve C[…]SCHNEIDER ELECTRICQuick QuoteQuick QuoteAvailable to EnquiryRemove""}"
"schneider","a9f79116","A9F79116","https://www.obsoautomation.com/product/a9f79116/","","","","{""snippet"":""XA9F79116AvailableSCHNEIDER ELECTRIC iC60N 1P C 16A 6000A[…]SCHNEIDER ELECTRICQuick QuoteQuick QuoteAvailable to EnquiryRemove""}"
"schneider","a9f89310","A9F89310","https://www.obsoautomation.com/product/a9f89310/","","","","{""snippet"":""XA9F89310AvailableSCHNEIDER ELECTRIC iC60H 3P C 10A 10000A[…]SCHNEIDER ELECTRICQuick QuoteQuick QuoteAvailable to EnquiryRemove""}"
"schneider","a9r63640","A9R63640","https://www.obsoautomation.com/product/a9r63640/","","","","{""snippet"":""XA9R63640AvailableSCHNEIDER ELECTRIC A9R63640[…]SCHNEIDER ELECTRICQuick QuoteQuick QuoteAvailable to EnquiryRemove""}"
"schneider","1794-asb2","1794-ASB2","https://www.obsoautomation.com/product/1794-asb2/","","","","{""snippet"":""1794-ASB2 Available ALLEN BRADLEY FLEX REMOTE I/O ADAPTER[…] Get a Quote""}"
"schneider","evs9326-es","EVS9326-ES","https://www.obsoautomation.com/product/evs9326-es/","","","","{""snippet"":""EVS9326-ES Available LENZE SERVO CONTROLLER[…] Get a Quote""}"
"lenze","evs9328-es","All Products","https://www.obsoautomation.com/product/evs9328-es/","","","","{""snippet"":""All Products Per Page 12 24 60 Product Manufacturer View XEVS9328-ESAvailableLENZE SERVO CONTROLLER[…]LENZEQuick QuoteQuick QuoteAvailable to EnquiryRemoveXEVS9326-ESAvailableLENZE SERVO CONTROLLER[…]LENZEQuick QuoteQuick QuoteAvailable to EnquiryRemoveXEVS9323-ESAvailableLENZE SERVO CONTROLLER[…]LENZEQuick QuoteQuick QuoteAvailable to EnquiryRemoveXEVS9322-EPAvailableLENZE SERVO CONTROLLER[…]LENZEQuick QuoteQuick QuoteAvailable to EnquiryRemoveXEVS9325-ESAvailableLENZE SERVO CONTROLLER[…]LENZEQuick QuoteQuick QuoteAvailable to EnquiryRemoveXE82EV751_4C200AvailableLENZE AC DRIVE[…]LENZEQuick QuoteQuick QuoteAvailable to EnquiryRemoveXE82EV152_4CAvailableLENZE 8200 Vector series[…]LENZEQuick QuoteQuick QuoteAvailable to EnquiryRemoveXE82EV222_4CAvailableLENZE 8200-SERIES VECTOR FREQUENCY INVERTER[…]LENZEQuick QuoteQuick QuoteAvailable to EnquiryRemoveXE94ASHE0174AvailableLENZE 9400 Servo Drives[…]LENZEQuick QuoteQuick QuoteAvailable to EnquiryRemoveXE82ZAFPC010AvailableLENZE Communication modules[…]LENZEQuick QuoteQuick QuoteAvailable to EnquiryRemoveXE82EV751K4CAvailableLENZE DRIVE[…]LENZEQuick QuoteQuick QuoteAvailable to EnquiryRemoveXE84AVSCE7524SX0AvailableLENZE DRIVE[…]LENZEQuick QuoteQuick QuoteAvailable to EnquiryRemove 1 2 3 … 56 →""}"
"lenze","evs9326-es","EVS9326-ES","https://www.obsoautomation.com/product/evs9326-es/","","","","{""snippet"":""XEVS9326-ESAvailableLENZE SERVO CONTROLLER[…]LENZEQuick QuoteQuick QuoteAvailable to EnquiryRemove""}"
"lenze","evs9323-es","EVS9323-ES","https://www.obsoautomation.com/product/evs9323-es/","","","","{""snippet"":""XEVS9323-ESAvailableLENZE SERVO CONTROLLER[…]LENZEQuick QuoteQuick QuoteAvailable to EnquiryRemove""}"
"lenze","evs9322-ep","EVS9322-EP","https://www.obsoautomation.com/product/evs9322-ep/","","","","{""snippet"":""XEVS9322-EPAvailableLENZE SERVO CONTROLLER[…]LENZEQuick QuoteQuick QuoteAvailable to EnquiryRemove""}"
"lenze","evs9325-es","EVS9325-ES","https://www.obsoautomation.com/product/evs9325-es/","","","","{""snippet"":""XEVS9325-ESAvailableLENZE SERVO CONTROLLER[…]LENZEQuick QuoteQuick QuoteAvailable to EnquiryRemove""}"
"lenze","e82ev751_4c200","E82EV751_4C200","https://www.obsoautomation.com/product/e82ev751_4c200/","","","","{""snippet"":""XE82EV751_4C200AvailableLENZE AC DRIVE[…]LENZEQuick QuoteQuick QuoteAvailable to EnquiryRemove""}"
"lenze","e82ev152_4c","E82EV152_4C","https://www.obsoautomation.com/product/e82ev152_4c/","","","","{""snippet"":""XE82EV152_4CAvailableLENZE 8200 Vector series[…]LENZEQuick QuoteQuick QuoteAvailable to EnquiryRemove""}"
"lenze","e82ev222_4c","E82EV222_4C","https://www.obsoautomation.com/product/e82ev222_4c/","","","","{""snippet"":""XE82EV222_4CAvailableLENZE 8200-SERIES VECTOR FREQUENCY INVERTER[…]LENZEQuick QuoteQuick QuoteAvailable to EnquiryRemove""}"
"lenze","e94ashe0174","E94ASHE0174","https://www.obsoautomation.com/product/e94ashe0174/","","","","{""snippet"":""XE94ASHE0174AvailableLENZE 9400 Servo Drives[…]LENZEQuick QuoteQuick QuoteAvailable to EnquiryRemove""}"
"lenze","e82zafpc010","E82ZAFPC010","https://www.obsoautomation.com/product/e82zafpc010/","","","","{""snippet"":""XE82ZAFPC010AvailableLENZE Communication modules[…]LENZEQuick QuoteQuick QuoteAvailable to EnquiryRemove""}"
"lenze","e82ev751k4c","E82EV751K4C","https://www.obsoautomation.com/product/e82ev751k4c/","","","","{""snippet"":""XE82EV751K4CAvailableLENZE DRIVE[…]LENZEQuick QuoteQuick QuoteAvailable to EnquiryRemove""}"
"lenze","e84avsce7524sx0","E84AVSCE7524SX0","https://www.obsoautomation.com/product/e84avsce7524sx0/","","","","{""snippet"":""XE84AVSCE7524SX0AvailableLENZE DRIVE[…]LENZEQuick QuoteQuick QuoteAvailable to EnquiryRemove""}"
"lenze","2198-d032-ers3","2198-D032-ERS3","https://www.obsoautomation.com/product/2198-d032-ers3/","","","","{""snippet"":""2198-D032-ERS3 Available ALLEN BRADLEY SERVO PRODUCTS[…] Get a Quote""}"
"mitsubishi","q68adi","All Products","https://www.obsoautomation.com/product/q68adi/","","","","{""snippet"":""All Products Per Page 12 24 60 Product Manufacturer View XQ68ADIAvailableMITSUBISHI ELECTRIC 8-Channel Analog Input Module[…]MITSUBISHI ELECTRICQuick QuoteQuick QuoteAvailable to EnquiryRemoveXHA83NC-S FRONT COVERAvailableMITSUBISHI ELECTRIC Front and back covers for motor[…]MITSUBISHI ELECTRICQuick QuoteQuick QuoteAvailable to EnquiryRemoveXFX2N-8ER-ES/ULAvailableMITSUBISHI ELECTRIC MELSEC-F SERIES[…]MITSUBISHI ELECTRICQuick QuoteQuick QuoteAvailable to EnquiryRemoveXMELSECAvailableMITSUBISHI ELECTRIC Programmable Controllers MELSEC[…]MITSUBISHI ELECTRICQuick QuoteQuick QuoteAvailable to EnquiryRemoveXCM150DY-24HAvailableMITSUBISHI ELECTRIC[…]MITSUBISHI ELECTRICQuick QuoteQuick QuoteAvailable to EnquiryRemoveXOBA13-1S638EEAvailableMITSUBISHI ELECTRIC[…]MITSUBISHI ELECTRICQuick QuoteQuick QuoteAvailable to EnquiryRemoveXTH-120.3-0.5AAvailableMITSUBISHI ELECTRIC[…]MITSUBISHI ELECTRICQuick QuoteQuick QuoteAvailable to EnquiryRemoveXBD650A003G53AvailableMITSUBISHI ELECTRIC[…]MITSUBISHI ELECTRICQuick QuoteQuick QuoteAvailable to EnquiryRemoveXSE-E-FVENCODERAvailableMITSUBISHI ELECTRIC[…]MITSUBISHI ELECTRICQuick QuoteQuick QuoteAvailable to EnquiryRemoveXSE-E-FVBACKCOVERAvailableMITSUBISHI ELECTRIC[…]MITSUBISHI ELECTRICQuick QuoteQuick QuoteAvailable to EnquiryRemoveXS-A10AvailableMITSUBISHI ELECTRIC[…]MITSUBISHI ELECTRICQuick QuoteQuick QuoteAvailable to EnquiryRemoveXTB740-037KAvailableMITSUBISHI ELECTRIC[…]MITSUBISHI ELECTRICQuick QuoteQuick QuoteAvailable to EnquiryRemove 1 2 3 … 48 →""}"
"mitsubishi","ha83nc-sfrontcover","HA83NC-S FRONT COVER","https://www.obsoautomation.com/product/ha83nc-sfrontcover/","","","","{""snippet"":""XHA83NC-S FRONT COVERAvailableMITSUBISHI ELECTRIC Front and back covers for motor[…]MITSUBISHI ELECTRICQuick QuoteQuick QuoteAvailable to EnquiryRemove""}"
"mitsubishi","fx2n-8er-esul","FX2N-8ER-ES/UL","https://www.obsoautomation.com/product/fx2n-8er-esul/","","","","{""snippet"":""XFX2N-8ER-ES/ULAvailableMITSUBISHI ELECTRIC MELSEC-F SERIES[…]MITSUBISHI ELECTRICQuick QuoteQuick QuoteAvailable to EnquiryRemove""}"
"mitsubishi","melsec","MELSEC","https://www.obsoautomation.com/product/melsec/","","","","{""snippet"":""XMELSECAvailableMITSUBISHI ELECTRIC Programmable Controllers MELSEC[…]MITSUBISHI ELECTRICQuick QuoteQuick QuoteAvailable to EnquiryRemove""}"
"mitsubishi","cm150dy-24h","CM150DY-24H","https://www.obsoautomation.com/product/cm150dy-24h/","","","","{""snippet"":""XCM150DY-24HAvailableMITSUBISHI ELECTRIC[…]MITSUBISHI ELECTRICQuick QuoteQuick QuoteAvailable to EnquiryRemove""}"
"mitsubishi","oba13-1s638ee","OBA13-1S638EE","https://www.obsoautomation.com/product/oba13-1s638ee/","","","","{""snippet"":""XOBA13-1S638EEAvailableMITSUBISHI ELECTRIC[…]MITSUBISHI ELECTRICQuick QuoteQuick QuoteAvailable to EnquiryRemove""}"
"mitsubishi","th-1203-05a","TH-120.3-0.5A","https://www.obsoautomation.com/product/th-1203-05a/","","","","{""snippet"":""XTH-120.3-0.5AAvailableMITSUBISHI ELECTRIC[…]MITSUBISHI ELECTRICQuick QuoteQuick QuoteAvailable to EnquiryRemove""}"
"mitsubishi","bd650a003g53","BD650A003G53","https://www.obsoautomation.com/product/bd650a003g53/","","","","{""snippet"":""XBD650A003G53AvailableMITSUBISHI ELECTRIC[…]MITSUBISHI ELECTRICQuick QuoteQuick QuoteAvailable to EnquiryRemove""}"
"mitsubishi","se-e-fvencoder","SE-E-FVENCODER","https://www.obsoautomation.com/product/se-e-fvencoder/","","","","{""snippet"":""XSE-E-FVENCODERAvailableMITSUBISHI ELECTRIC[…]MITSUBISHI ELECTRICQuick QuoteQuick QuoteAvailable to EnquiryRemove""}"
"mitsubishi","se-e-fvbackcover","SE-E-FVBACKCOVER","https://www.obsoautomation.com/product/se-e-fvbackcover/","","","","{""snippet"":""XSE-E-FVBACKCOVERAvailableMITSUBISHI ELECTRIC[…]MITSUBISHI ELECTRICQuick QuoteQuick QuoteAvailable to EnquiryRemove""}"
"mitsubishi","s-a10","S-A10","https://www.obsoautomation.com/product/s-a10/","","","","{""snippet"":""XS-A10AvailableMITSUBISHI ELECTRIC[…]MITSUBISHI ELECTRICQuick QuoteQuick QuoteAvailable to EnquiryRemove""}"
"mitsubishi","tb740-037k","TB740-037K","https://www.obsoautomation.com/product/tb740-037k/","","","","{""snippet"":""XTB740-037KAvailableMITSUBISHI ELECTRIC[…]MITSUBISHI ELECTRICQuick QuoteQuick QuoteAvailable to EnquiryRemove""}"
"mitsubishi","e200","E200","https://www.obsoautomation.com/product/e200/","","","","{""snippet"":""E200 Available BEIJER HMI[…] Get a Quote""}"
"mitsubishi","e1012","E1012","https://www.obsoautomation.com/product/e1012/","","","","{""snippet"":""E1012 Available Beijer Electronics HMI[…] Get a Quote""}"
"mitsubishi","25b-d024n114","25B-D024N114","https://www.obsoautomation.com/product/25b-d024n114/","","","","{""snippet"":""25B-D024N114 Available ALLEN BRADLEY Inverter Drive[…] Get a Quote""}"
"mitsubishi","evs9328-es","EVS9328-ES","https://www.obsoautomation.com/product/evs9328-es/","","","","{""snippet"":""EVS9328-ES Available LENZE SERVO CONTROLLER[…] Get a Quote""}"
"indramat","dds031-w030-da02-01-fw","All Products","https://www.obsoautomation.com/product/dds031-w030-da02-01-fw/","","","","{""snippet"":""All Products Per Page 12 24 60 Product Manufacturer View XDDS03.1-W030-DA02-01-FWAvailableINDRAMAT DDS DRIVE CONTROLLER: SERIES 03, VERSION 1, COOLING: AIR FROM INSIDE CONTROL CAB.(INTERN), RATED CURRENT: 30A, DIGITAL SERVO FEEDBACK, ANALOG[…]INDRAMATQuick QuoteQuick QuoteAvailable to EnquiryRemoveXDDS03.1-W030-DA01-01-FWAvailableINDRAMAT DDS DRIVE CONTROLLER: SERIES 03, VERSION 1, COOLING: AIR FROM INSIDE CONTROL CAB.(INTERN), RATED CURRENT: 30A, DIGITAL SERVO FEEDBACK, ANALOG[…]INDRAMATQuick QuoteQuick QuoteAvailable to EnquiryRemoveXDDS03.1-W030-DS01-02-FWAvailableINDRAMAT DDS DRIVE CONTROLLER: SERIES 03, VERSION 1, COOLING: AIR FROM INSIDE CONTROL CAB.(INTERN), RATED CURRENT: 30A, DIGITAL SERVO FEEDBACK, SERCOS[…]INDRAMATQuick QuoteQuick QuoteAvailable to EnquiryRemoveXDDS03.2-W050-BE12-01-FWAvailableINDRAMAT DDS DRIVE CONTROLLER: SERIES 03, VERSION 1, COOLING: AIR FROM INSIDE CONTROL CAB.(INTERN), RATED CURRENT: 50A, DIGITAL SERVO AND RESOLVER FEE[…]INDRAMATQuick QuoteQuick QuoteAvailable to EnquiryRemoveXDDS03.1-W050-DA01-01-FWAvailableINDRAMAT DDS DRIVE CONTROLLER: SERIES 03, VERSION 1, COOLING: AIR FROM INSIDE CONTROL CAB.(INTERN), RATED CURRENT: 50A, DIGITAL SERVO FEEDBACK, ANALOG[…]INDRAMATQuick QuoteQuick QuoteAvailable to EnquiryRemoveXDDS03.1-W050-DAvailableINDRAMAT DDS DRIVE CONTROLLER: SERIES 03, VERSION 1, COOLING: AIR FROM INSIDE CONTROL CAB.(INTERN), RATED CURRENT: 50A, DIGITAL SERVO FEEDBACK[…]INDRAMATQuick QuoteQuick QuoteAvailable to EnquiryRemoveXDDS02.2-W050-BE12-01-FWAvailableINDRAMAT DDS022W050BE1201FW[…]INDRAMATQuick QuoteQuick QuoteAvailable to EnquiryRemoveXDDS02.1-W015-RAvailableINDRAMAT DIGITAL AC SERVO CONTROLLER[…]INDRAMATQuick QuoteQuick QuoteAvailable to EnquiryRemoveXDKC1.1-030-3AvailableINDRAMAT DIGITAL AC-SERVO CONTROLLER[…]INDRAMATQuick QuoteQuick QuoteAvailable to EnquiryRemoveXDKC01.1-030-3-FWAvailableINDRAMAT DKC ECODRIVE DRIVE CONTROLLER: SERIES 01, VERSION 1, TYPE CURRENT: 30A, VOLTAGE RATING: DC 300V, FIRMWARE: STANDARD[…]INDRAMATQuick QuoteQuick QuoteAvailable to EnquiryRemoveXDKC01.3-012-3-MGP-01VRSAvailableINDRAMAT DKC ECODRIVE DRIVE CONTROLLER: SERIES 01, VERSION 3, TYPE CURRENT: 12A, VOLTAGE RATING: DC 300V, FIRMWARE: MULTI INTERFACE GENERAL PURPOSE, V[…]INDRAMATQuick QuoteQuick QuoteAvailable to EnquiryRemoveXDKC01.3-040-7-FWAvailableINDRAMAT DKC ECODRIVE DRIVE CONTROLLER: SERIES 01, VERSION 3, TYPE CURRENT: 40A, VOLTAGE RATING: DC 700V, FIRMWARE: STANDARD[…]INDRAMATQuick QuoteQuick QuoteAvailable to EnquiryRemove 1 2 3 … 192 →""}"
"indramat","dds031-w030-da01-01-fw","DDS03.1-W030-DA01-01-FW","https://www.obsoautomation.com/product/dds031-w030-da01-01-fw/","","","","{""snippet"":""XDDS03.1-W030-DA01-01-FWAvailableINDRAMAT DDS DRIVE CONTROLLER: SERIES 03, VERSION 1, COOLING: AIR FROM INSIDE CONTROL CAB.(INTERN), RATED CURRENT: 30A, DIGITAL SERVO FEEDBACK, ANALOG[…]INDRAMATQuick QuoteQuick QuoteAvailable to EnquiryRemove""}"
"indramat","dds031-w030-ds01-02-fw","DDS03.1-W030-DS01-02-FW","https://www.obsoautomation.com/product/dds031-w030-ds01-02-fw/","","","","{""snippet"":""XDDS03.1-W030-DS01-02-FWAvailableINDRAMAT DDS DRIVE CONTROLLER: SERIES 03, VERSION 1, COOLING: AIR FROM INSIDE CONTROL CAB.(INTERN), RATED CURRENT: 30A, DIGITAL SERVO FEEDBACK, SERCOS[…]INDRAMATQuick QuoteQuick QuoteAvailable to EnquiryRemove""}"
"indramat","dds032-w050-be12-01-fw","DDS03.2-W050-BE12-01-FW","https://www.obsoautomation.com/product/dds032-w050-be12-01-fw/","","","","{""snippet"":""XDDS03.2-W050-BE12-01-FWAvailableINDRAMAT DDS DRIVE CONTROLLER: SERIES 03, VERSION 1, COOLING: AIR FROM INSIDE CONTROL CAB.(INTERN), RATED CURRENT: 50A, DIGITAL SERVO AND RESOLVER FEE[…]INDRAMATQuick QuoteQuick QuoteAvailable to EnquiryRemove""}"
"indramat","dds031-w050-da01-01-fw","DDS03.1-W050-DA01-01-FW","https://www.obsoautomation.com/product/dds031-w050-da01-01-fw/","","","","{""snippet"":""XDDS03.1-W050-DA01-01-FWAvailableINDRAMAT DDS DRIVE CONTROLLER: SERIES 03, VERSION 1, COOLING: AIR FROM INSIDE CONTROL CAB.(INTERN), RATED CURRENT: 50A, DIGITAL SERVO FEEDBACK, ANALOG[…]INDRAMATQuick QuoteQuick QuoteAvailable to EnquiryRemove""}"
"indramat","dds031-w050-d","DDS03.1-W050-D","https://www.obsoautomation.com/product/dds031-w050-d/","","","","{""snippet"":""XDDS03.1-W050-DAvailableINDRAMAT DDS DRIVE CONTROLLER: SERIES 03, VERSION 1, COOLING: AIR FROM INSIDE CONTROL CAB.(INTERN), RATED CURRENT: 50A, DIGITAL SERVO FEEDBACK[…]INDRAMATQuick QuoteQuick QuoteAvailable to EnquiryRemove""}"
"indramat","dds022-w050-be12-01-fw","DDS02.2-W050-BE12-01-FW","https://www.obsoautomation.com/product/dds022-w050-be12-01-fw/","","","","{""snippet"":""XDDS02.2-W050-BE12-01-FWAvailableINDRAMAT DDS022W050BE1201FW[…]INDRAMATQuick QuoteQuick QuoteAvailable to EnquiryRemove""}"
"indramat","dds021-w015-r","DDS02.1-W015-R","https://www.obsoautomation.com/product/dds021-w015-r/","","","","{""snippet"":""XDDS02.1-W015-RAvailableINDRAMAT DIGITAL AC SERVO CONTROLLER[…]INDRAMATQuick QuoteQuick QuoteAvailable to EnquiryRemove""}"
"indramat","dkc11-030-3","DKC1.1-030-3","https://www.obsoautomation.com/product/dkc11-030-3/","","","","{""snippet"":""XDKC1.1-030-3AvailableINDRAMAT DIGITAL AC-SERVO CONTROLLER[…]INDRAMATQuick QuoteQuick QuoteAvailable to EnquiryRemove""}"
"indramat","dkc011-030-3-fw","DKC01.1-030-3-FW","https://www.obsoautomation.com/product/dkc011-030-3-fw/","","","","{""snippet"":""XDKC01.1-030-3-FWAvailableINDRAMAT DKC ECODRIVE DRIVE CONTROLLER: SERIES 01, VERSION 1, TYPE CURRENT: 30A, VOLTAGE RATING: DC 300V, FIRMWARE: STANDARD[…]INDRAMATQuick QuoteQuick QuoteAvailable to EnquiryRemove""}"
"indramat","dkc013-012-3-mgp-01vrs","DKC01.3-012-3-MGP-01VRS","https://www.obsoautomation.com/product/dkc013-012-3-mgp-01vrs/","","","","{""snippet"":""XDKC01.3-012-3-MGP-01VRSAvailableINDRAMAT DKC ECODRIVE DRIVE CONTROLLER: SERIES 01, VERSION 3, TYPE CURRENT: 12A, VOLTAGE RATING: DC 300V, FIRMWARE: MULTI INTERFACE GENERAL PURPOSE, V[…]INDRAMATQuick QuoteQuick QuoteAvailable to EnquiryRemove""}"
"indramat","dkc013-040-7-fw","DKC01.3-040-7-FW","https://www.obsoautomation.com/product/dkc013-040-7-fw/","","","","{""snippet"":""XDKC01.3-040-7-FWAvailableINDRAMAT DKC ECODRIVE DRIVE CONTROLLER: SERIES 01, VERSION 3, TYPE CURRENT: 40A, VOLTAGE RATING: DC 700V, FIRMWARE: STANDARD[…]INDRAMATQuick QuoteQuick QuoteAvailable to EnquiryRemove""}"
"indramat","cqm1h-cpu61","CQM1H-CPU61","https://www.obsoautomation.com/product/cqm1h-cpu61/","","","","{""snippet"":""CQM1H-CPU61 Available OMRON PROGRAMMABLE CONTROLLER[…] Get a Quote""}"
"indramat","atv71hu15m3","ATV71HU15M3","https://www.obsoautomation.com/product/atv71hu15m3/","","","","{""snippet"":""ATV71HU15M3 Available SCHNEIDER ELECTRIC SPEED DRIVE[…] Get a Quote""}"
"indramat","e300","E300","https://www.obsoautomation.com/product/e300/","","","","{""snippet"":""E300 Available MITSUBISHI / BEIJER OPERATOR PANEL[…] Get a Quote""}"
"beijer","e1012","All Products","https://www.obsoautomation.com/product/e1012/","","","","{""snippet"":""All Products Per Page 12 24 60 Product Manufacturer View XE1012AvailableBeijer Electronics HMI[…]BEIJER ELECTRONICSQuick QuoteQuick QuoteAvailable to EnquiryRemoveXE1022AvailableBeijer Electronics HMI[…]BEIJER ELECTRONICSQuick QuoteQuick QuoteAvailable to EnquiryRemoveXE1101AvailableBeijer Electronics HMI[…]BEIJER ELECTRONICSQuick QuoteQuick QuoteAvailable to EnquiryRemoveXE1032AvailableBeijer Electronics HMI[…]BEIJER ELECTRONICSQuick QuoteQuick QuoteAvailable to EnquiryRemoveXE1043AvailableBeijer Electronics HMI[…]BEIJER ELECTRONICSQuick QuoteQuick QuoteAvailable to EnquiryRemoveXIX T12BAvailableBEIJER ELECTRONICS Operator Interface[…]BEIJER ELECTRONICSQuick QuoteQuick QuoteAvailable to EnquiryRemoveXCIMREX12AvailableBEIJER ELECTRONICS AB[…]BEIJER ELECTRONICSQuick QuoteQuick QuoteAvailable to EnquiryRemoveXE1151AvailableBeijer Electronics HMI[…]BEIJER ELECTRONICSQuick QuoteQuick QuoteAvailable to EnquiryRemoveXE1071AvailableBeijer Electronics HMI[…]BEIJER ELECTRONICSQuick QuoteQuick QuoteAvailable to EnquiryRemoveXE1070AvailableBeijer Electronics HMI[…]BEIJER ELECTRONICSQuick QuoteQuick QuoteAvailable to EnquiryRemoveXE1063AvailableBeijer Electronics HMI[…]BEIJER ELECTRONICSQuick QuoteQuick QuoteAvailable to EnquiryRemoveXE1061AvailableBeijer Electronics HMI[…]BEIJER ELECTRONICSQuick QuoteQuick QuoteAvailable to EnquiryRemove 1 2 →""}"
"beijer","e1022","E1022","https://www.obsoautomation.com/product/e1022/","","","","{""snippet"":""XE1022AvailableBeijer Electronics HMI[…]BEIJER ELECTRONICSQuick QuoteQuick QuoteAvailable to EnquiryRemove""}"
"beijer","e1101","E1101","https://www.obsoautomation.com/product/e1101/","","","","{""snippet"":""XE1101AvailableBeijer Electronics HMI[…]BEIJER ELECTRONICSQuick QuoteQuick QuoteAvailable to EnquiryRemove""}"
"beijer","e1032","E1032","https://www.obsoautomation.com/product/e1032/","","","","{""snippet"":""XE1032AvailableBeijer Electronics HMI[…]BEIJER ELECTRONICSQuick QuoteQuick QuoteAvailable to EnquiryRemove""}"
"beijer","e1043","E1043","https://www.obsoautomation.com/product/e1043/","","","","{""snippet"":""XE1043AvailableBeijer Electronics HMI[…]BEIJER ELECTRONICSQuick QuoteQuick QuoteAvailable to EnquiryRemove""}"
"beijer","ixt15brfront","IX T12B","https://www.obsoautomation.com/product/ixt15brfront/","","","","{""snippet"":""XIX T12BAvailableBEIJER ELECTRONICS Operator Interface[…]BEIJER ELECTRONICSQuick QuoteQuick QuoteAvailable to EnquiryRemove""}"
"beijer","cimrex12","CIMREX12","https://www.obsoautomation.com/product/cimrex12/","","","","{""snippet"":""XCIMREX12AvailableBEIJER ELECTRONICS AB[…]BEIJER ELECTRONICSQuick QuoteQuick QuoteAvailable to EnquiryRemove""}"
"beijer","e1151","E1151","https://www.obsoautomation.com/product/e1151/","","","","{""snippet"":""XE1151AvailableBeijer Electronics HMI[…]BEIJER ELECTRONICSQuick QuoteQuick QuoteAvailable to EnquiryRemove""}"
"beijer","e1071","E1071","https://www.obsoautomation.com/product/e1071/","","","","{""snippet"":""XE1071AvailableBeijer Electronics HMI[…]BEIJER ELECTRONICSQuick QuoteQuick QuoteAvailable to EnquiryRemove""}"
"beijer","e1070","E1070","https://www.obsoautomation.com/product/e1070/","","","","{""snippet"":""XE1070AvailableBeijer Electronics HMI[…]BEIJER ELECTRONICSQuick QuoteQuick QuoteAvailable to EnquiryRemove""}"
"beijer","e1063","E1063","https://www.obsoautomation.com/product/e1063/","","","","{""snippet"":""XE1063AvailableBeijer Electronics HMI[…]BEIJER ELECTRONICSQuick QuoteQuick QuoteAvailable to EnquiryRemove""}"
"beijer","e1061","E1061","https://www.obsoautomation.com/product/e1061/","","","","{""snippet"":""XE1061AvailableBeijer Electronics HMI[…]BEIJER ELECTRONICSQuick QuoteQuick QuoteAvailable to EnquiryRemove""}"
"beijer","e200","E200","https://www.obsoautomation.com/product/e200/","","","","{""snippet"":""E200 Available BEIJER HMI[…] Get a Quote""}"
"abb","tu921s","All Products","https://www.obsoautomation.com/product/tu921s/","","","","{""snippet"":""All Products Per Page 12 24 60 Product Manufacturer View XTU921SAvailableABB REDUNDANT TERMINATION UNIT[…]Quick QuoteQuick QuoteAvailable to EnquiryRemoveXACS350-03E-01A9-4AvailableABB REGELAAR[…]Quick QuoteQuick QuoteAvailable to EnquiryRemoveX3HAB8101-1/06AAvailableABB REGELAAR[…]Quick QuoteQuick QuoteAvailable to EnquiryRemoveXDSTDN010AvailableABB RELAY MODULE[…]Quick QuoteQuick QuoteAvailable to EnquiryRemoveX3BSE008514R1AvailableABB RELAY OUTPUT BOARD 3BSE008514R1 ABB[…]Quick QuoteQuick QuoteAvailable to EnquiryRemoveX58038750AvailableABB RELAY UNIT[…]Quick QuoteQuick QuoteAvailable to EnquiryRemoveXCM-SRS.21AvailableABB Relay[…]Quick QuoteQuick QuoteAvailable to EnquiryRemoveXICSE08A6AvailableABB REMOTE ANALOG INPUT MODULE[…]Quick QuoteQuick QuoteAvailable to EnquiryRemoveX3HAC043053-001AvailableABB REMOTE SERVICE BOX (RS BOX) POUR ROBOT ABB IRC5 TYPE IRB REF : 3HAC 043053-000[…]Quick QuoteQuick QuoteAvailable to EnquiryRemoveXDSQC115AvailableABB RESOLVER EXCITER BOARD[…]Quick QuoteQuick QuoteAvailable to EnquiryRemoveX3HAC7998-4AvailableABB RESOLVER SIGNAL CABLE (CODEUR SMB) 30M, FOR ABB ROBOT S4C+ / IRC5 TYP IRB2400 REF : 3HAC 7998-3[…]Quick QuoteQuick QuoteAvailable to EnquiryRemoveX3HAC020823-002AvailableABB RESSORT POUR ROBOT ABB TYPE IRB340 REF : 3HAC 020823-001[…]Quick QuoteQuick QuoteAvailable to EnquiryRemove 1 2 3 … 355 →""}"
"abb","acs350-03e-01a9-4","ACS350-03E-01A9-4","https://www.obsoautomation.com/product/acs350-03e-01a9-4/","","","","{""snippet"":""XACS350-03E-01A9-4AvailableABB REGELAAR[…]Quick QuoteQuick QuoteAvailable to EnquiryRemove""}"
"abb","3hab8101-106a","3HAB8101-1/06A","https://www.obsoautomation.com/product/3hab8101-106a/","","","","{""snippet"":""X3HAB8101-1/06AAvailableABB REGELAAR[…]Quick QuoteQuick QuoteAvailable to EnquiryRemove""}"
"abb","dstdn010","DSTDN010","https://www.obsoautomation.com/product/dstdn010/","","","","{""snippet"":""XDSTDN010AvailableABB RELAY MODULE[…]Quick QuoteQuick QuoteAvailable to EnquiryRemove""}"
"abb","3bse008514r1","3BSE008514R1","https://www.obsoautomation.com/product/3bse008514r1/","","","","{""snippet"":""X3BSE008514R1AvailableABB RELAY OUTPUT BOARD 3BSE008514R1 ABB[…]Quick QuoteQuick QuoteAvailable to EnquiryRemove""}"
"abb","58038750","XAvailableABB RELAY UNIT[…]Quick QuoteQuick QuoteAvailable to EnquiryRemove","https://www.obsoautomation.com/product/58038750/","","","","{""snippet"":""X58038750AvailableABB RELAY UNIT[…]Quick QuoteQuick QuoteAvailable to EnquiryRemove""}"
"abb","cm-srs21","CM-SRS.21","https://www.obsoautomation.com/product/cm-srs21/","","","","{""snippet"":""XCM-SRS.21AvailableABB Relay[…]Quick QuoteQuick QuoteAvailable to EnquiryRemove""}"
"abb","icse08a6","ICSE08A6","https://www.obsoautomation.com/product/icse08a6/","","","","{""snippet"":""XICSE08A6AvailableABB REMOTE ANALOG INPUT MODULE[…]Quick QuoteQuick QuoteAvailable to EnquiryRemove""}"
"abb","3hac043053-001","3HAC043053-001","https://www.obsoautomation.com/product/3hac043053-001/","","","","{""snippet"":""X3HAC043053-001AvailableABB REMOTE SERVICE BOX (RS BOX) POUR ROBOT ABB IRC5 TYPE IRB REF : 3HAC 043053-000[…]Quick QuoteQuick QuoteAvailable to EnquiryRemove""}"
"abb","dsqc115","DSQC115","https://www.obsoautomation.com/product/dsqc115/","","","","{""snippet"":""XDSQC115AvailableABB RESOLVER EXCITER BOARD[…]Quick QuoteQuick QuoteAvailable to EnquiryRemove""}"
"abb","3hac7998-4","3HAC7998-4","https://www.obsoautomation.com/product/3hac7998-4/","","","","{""snippet"":""X3HAC7998-4AvailableABB RESOLVER SIGNAL CABLE (CODEUR SMB) 30M, FOR ABB ROBOT S4C+ / IRC5 TYP IRB2400 REF : 3HAC 7998-3[…]Quick QuoteQuick QuoteAvailable to EnquiryRemove""}"
"abb","3hac020823-002","3HAC020823-002","https://www.obsoautomation.com/product/3hac020823-002/","","","","{""snippet"":""X3HAC020823-002AvailableABB RESSORT POUR ROBOT ABB TYPE IRB340 REF : 3HAC 020823-001[…]Quick QuoteQuick QuoteAvailable to EnquiryRemove""}"
"abb","e1012","E1012","https://www.obsoautomation.com/product/e1012/","","","","{""snippet"":""E1012 Available Beijer Electronics HMI[…] Get a Quote""}"
"abb","evs9326-es","EVS9326-ES","https://www.obsoautomation.com/product/evs9326-es/","","","","{""snippet"":""EVS9326-ES Available LENZE SERVO CONTROLLER[…] Get a Quote""}"
"leroy-somer","115umc300cbcaastator","All Products","https://www.obsoautomation.com/product/115umc300cbcaastator/","","","","{""snippet"":""All Products Per Page 12 24 60 Product Manufacturer View X115UMC300CBCAASTATORAvailableLEROY SOMER[…]LEROY SOMERQuick QuoteQuick QuoteAvailable to EnquiryRemoveXUD957004-01703130-0377AvailableLEROY SOMER[…]LEROY SOMERQuick QuoteQuick QuoteAvailable to EnquiryRemoveXUMV43011.5TAvailableLEROY SOMER[…]LEROY SOMERQuick QuoteQuick QuoteAvailable to EnquiryRemoveXUMV43013.5TAvailableLEROY SOMER[…]LEROY SOMERQuick QuoteQuick QuoteAvailable to EnquiryRemoveXDMV2322-4SAvailableLEROY SOMER[…]LEROY SOMERQuick QuoteQuick QuoteAvailable to EnquiryRemoveXUMV43011.6TAvailableLEROY SOMER[…]LEROY SOMERQuick QuoteQuick QuoteAvailable to EnquiryRemoveXFMV2105-1.5MAvailableLEROY SOMER[…]LEROY SOMERQuick QuoteQuick QuoteAvailable to EnquiryRemoveXFMV2305-5.5TAvailableLEROY SOMER[…]LEROY SOMERQuick QuoteQuick QuoteAvailable to EnquiryRemoveXFMV2305-1.5TAvailableLEROY SOMER[…]LEROY SOMERQuick QuoteQuick QuoteAvailable to EnquiryRemoveXUMV430127TAvailableLEROY SOMER[…]LEROY SOMERQuick QuoteQuick QuoteAvailable to EnquiryRemoveXRF2000TAvailableLEROY SOMER[…]LEROY SOMERQuick QuoteQuick QuoteAvailable to EnquiryRemoveXDMV201AvailableLEROY SOMER[…]LEROY SOMERQuick QuoteQuick QuoteAvailable to EnquiryRemove 1 2 3 … 20 →""}"
"leroy-somer","ud957004-01703130-0377","UD957004-01703130-0377","https://www.obsoautomation.com/product/ud957004-01703130-0377/","","","","{""snippet"":""XUD957004-01703130-0377AvailableLEROY SOMER[…]LEROY SOMERQuick QuoteQuick QuoteAvailable to EnquiryRemove""}"
"leroy-somer","umv430115t","UMV43011.5T","https://www.obsoautomation.com/product/umv430115t/","","","","{""snippet"":""XUMV43011.5TAvailableLEROY SOMER[…]LEROY SOMERQuick QuoteQuick QuoteAvailable to EnquiryRemove""}"
"leroy-somer","umv430135t","UMV43013.5T","https://www.obsoautomation.com/product/umv430135t/","","","","{""snippet"":""XUMV43013.5TAvailableLEROY SOMER[…]LEROY SOMERQuick QuoteQuick QuoteAvailable to EnquiryRemove""}"
"leroy-somer","dmv2322-4s","DMV2322-4S","https://www.obsoautomation.com/product/dmv2322-4s/","","","","{""snippet"":""XDMV2322-4SAvailableLEROY SOMER[…]LEROY SOMERQuick QuoteQuick QuoteAvailable to EnquiryRemove""}"
"leroy-somer","umv430116t","UMV43011.6T","https://www.obsoautomation.com/product/umv430116t/","","","","{""snippet"":""XUMV43011.6TAvailableLEROY SOMER[…]LEROY SOMERQuick QuoteQuick QuoteAvailable to EnquiryRemove""}"
"leroy-somer","fmv2105-15m","FMV2105-1.5M","https://www.obsoautomation.com/product/fmv2105-15m/","","","","{""snippet"":""XFMV2105-1.5MAvailableLEROY SOMER[…]LEROY SOMERQuick QuoteQuick QuoteAvailable to EnquiryRemove""}"
"leroy-somer","fmv2305-55t","FMV2305-5.5T","https://www.obsoautomation.com/product/fmv2305-55t/","","","","{""snippet"":""XFMV2305-5.5TAvailableLEROY SOMER[…]LEROY SOMERQuick QuoteQuick QuoteAvailable to EnquiryRemove""}"
"leroy-somer","fmv2305-15t","FMV2305-1.5T","https://www.obsoautomation.com/product/fmv2305-15t/","","","","{""snippet"":""XFMV2305-1.5TAvailableLEROY SOMER[…]LEROY SOMERQuick QuoteQuick QuoteAvailable to EnquiryRemove""}"
"leroy-somer","umv430127t","UMV430127T","https://www.obsoautomation.com/product/umv430127t/","","","","{""snippet"":""XUMV430127TAvailableLEROY SOMER[…]LEROY SOMERQuick QuoteQuick QuoteAvailable to EnquiryRemove""}"
"leroy-somer","rf2000t","RF2000T","https://www.obsoautomation.com/product/rf2000t/","","","","{""snippet"":""XRF2000TAvailableLEROY SOMER[…]LEROY SOMERQuick QuoteQuick QuoteAvailable to EnquiryRemove""}"
"leroy-somer","dmv201","DMV201","https://www.obsoautomation.com/product/dmv201/","","","","{""snippet"":""XDMV201AvailableLEROY SOMER[…]LEROY SOMERQuick QuoteQuick QuoteAvailable to EnquiryRemove""}"
"leroy-somer","e200","E200","https://www.obsoautomation.com/product/e200/","","","","{""snippet"":""E200 Available BEIJER HMI[…] Get a Quote""}"
"leroy-somer","2711p-rdk15c","2711P-RDK15C","https://www.obsoautomation.com/product/2711p-rdk15c/","","","","{""snippet"":""2711P-RDK15C Available ALLEN BRADLEY OPERATOR INTERFACE[…] Get a Quote""}"
"leroy-somer","193-ef2akf","193-EF2AKF","https://www.obsoautomation.com/product/193-ef2akf/","","","","{""snippet"":""193-EF2AKF Available ALLEN BRADLEY OVERLOAD RELAY[…] Get a Quote""}"
"omron","ns8-tv01b-v2","All Products","https://www.obsoautomation.com/product/ns8-tv01b-v2/","","","","{""snippet"":""All Products Per Page 12 24 60 Product Manufacturer View XNS8-TV01B-V2AvailableOMRON OPERATOR INTERFACE FLAT PANEL[…]OMRONQuick QuoteQuick QuoteAvailable to EnquiryRemoveXCJ1W-CT021AvailableOMRON HIGH-SPEED COUNTER[…]OMRONQuick QuoteQuick QuoteAvailable to EnquiryRemoveXCQM1H-CPU61AvailableOMRON PROGRAMMABLE CONTROLLER[…]OMRONQuick QuoteQuick QuoteAvailable to EnquiryRemoveXNS10-TV01B-V2AvailableOMRON OPERATOR INTERFACE[…]OMRONQuick QuoteQuick QuoteAvailable to EnquiryRemoveX3G3MV-AB004AvailableOMRON DRIVE INVERTER[…]OMRONQuick QuoteQuick QuoteAvailable to EnquiryRemoveXG2R-1-SNAvailableOMRON General-Purpose SPDT Relay[…]OMRONQuick QuoteQuick QuoteAvailable to EnquiryRemoveXNS5-TQ11-V2AvailableOMRON HMI[…]OMRONQuick QuoteQuick QuoteAvailable to EnquiryRemoveXSRT2-ID16-1AvailableOMRON INPUT MODULE[…]OMRONQuick QuoteQuick QuoteAvailable to EnquiryRemoveXCJ2M-CPU12AvailableOMRON PLC CPU unit[…]OMRONQuick QuoteQuick QuoteAvailable to EnquiryRemoveXCQM1-DA022AvailableOMRON PLC MODULE[…]OMRONQuick QuoteQuick QuoteAvailable to EnquiryRemoveXC1000H-CPU01-EV1AvailableOMRON PLC Module/Rack[…]OMRONQuick QuoteQuick QuoteAvailable to EnquiryRemoveXCJ2M-CPU33AvailableOMRON Programmable Logic Controller […]OMRONQuick QuoteQuick QuoteAvailable to EnquiryRemove 1 2 3 … 176 →""}"
"omron","cj1w-ct021","CJ1W-CT021","https://www.obsoautomation.com/product/cj1w-ct021/","","","","{""snippet"":""XCJ1W-CT021AvailableOMRON HIGH-SPEED COUNTER[…]OMRONQuick QuoteQuick QuoteAvailable to EnquiryRemove""}"
"omron","cqm1h-cpu61","CQM1H-CPU61","https://www.obsoautomation.com/product/cqm1h-cpu61/","","","","{""snippet"":""XCQM1H-CPU61AvailableOMRON PROGRAMMABLE CONTROLLER[…]OMRONQuick QuoteQuick QuoteAvailable to EnquiryRemove""}"
"omron","ns10-tv01b-v2","NS10-TV01B-V2","https://www.obsoautomation.com/product/ns10-tv01b-v2/","","","","{""snippet"":""XNS10-TV01B-V2AvailableOMRON OPERATOR INTERFACE[…]OMRONQuick QuoteQuick QuoteAvailable to EnquiryRemove""}"
"omron","3g3mv-ab004","3G3MV-AB004","https://www.obsoautomation.com/product/3g3mv-ab004/","","","","{""snippet"":""X3G3MV-AB004AvailableOMRON DRIVE INVERTER[…]OMRONQuick QuoteQuick QuoteAvailable to EnquiryRemove""}"
"omron","g2r-1-sn","G2R-1-SN","https://www.obsoautomation.com/product/g2r-1-sn/","","","","{""snippet"":""XG2R-1-SNAvailableOMRON General-Purpose SPDT Relay[…]OMRONQuick QuoteQuick QuoteAvailable to EnquiryRemove""}"
"omron","ns5-tq11-v2","NS5-TQ11-V2","https://www.obsoautomation.com/product/ns5-tq11-v2/","","","","{""snippet"":""XNS5-TQ11-V2AvailableOMRON HMI[…]OMRONQuick QuoteQuick QuoteAvailable to EnquiryRemove""}"
"omron","srt2-id16-1","SRT2-ID16-1","https://www.obsoautomation.com/product/srt2-id16-1/","","","","{""snippet"":""XSRT2-ID16-1AvailableOMRON INPUT MODULE[…]OMRONQuick QuoteQuick QuoteAvailable to EnquiryRemove""}"
"omron","cj2m-cpu12","CJ2M-CPU12","https://www.obsoautomation.com/product/cj2m-cpu12/","","","","{""snippet"":""XCJ2M-CPU12AvailableOMRON PLC CPU unit[…]OMRONQuick QuoteQuick QuoteAvailable to EnquiryRemove""}"
"omron","cqm1-da022","CQM1-DA022","https://www.obsoautomation.com/product/cqm1-da022/","","","","{""snippet"":""XCQM1-DA022AvailableOMRON PLC MODULE[…]OMRONQuick QuoteQuick QuoteAvailable to EnquiryRemove""}"
"omron","c1000h-cpu01-ev1","C1000H-CPU01-EV1","https://www.obsoautomation.com/product/c1000h-cpu01-ev1/","","","","{""snippet"":""XC1000H-CPU01-EV1AvailableOMRON PLC Module/Rack[…]OMRONQuick QuoteQuick QuoteAvailable to EnquiryRemove""}"
"omron","cj2m-cpu33","CJ2M-CPU33","https://www.obsoautomation.com/product/cj2m-cpu33/","","","","{""snippet"":""XCJ2M-CPU33AvailableOMRON Programmable Logic Controller […]OMRONQuick QuoteQuick QuoteAvailable to EnquiryRemove""}"
"omron","5069-ia16","5069-IA16","https://www.obsoautomation.com/product/5069-ia16/","","","","{""snippet"":""5069-IA16 Available ALLEN BRADLEY I/O MODULE[…] Get a Quote""}"
"omron","e1043","E1043","https://www.obsoautomation.com/product/e1043/","","","","{""snippet"":""E1043 Available Beijer Electronics HMI[…] Get a Quote""}"
"omron","e1012","E1012","https://www.obsoautomation.com/product/e1012/","","","","{""snippet"":""E1012 Available Beijer Electronics HMI[…] Get a Quote""}"
"omron","e82ev751_4c200","E82EV751_4C200","https://www.obsoautomation.com/product/e82ev751_4c200/","","","","{""snippet"":""E82EV751_4C200 Available LENZE AC DRIVE[…] Get a Quote""}"
"yaskawa","sgmgh-09dca6f-oy","All Products","https://www.obsoautomation.com/product/sgmgh-09dca6f-oy/","","","","{""snippet"":""All Products Per Page 12 24 60 Product Manufacturer View XSGMGH-09DCA6F-OYAvailableYASKAWA SERVO MOTOR[…]YASKAWAQuick QuoteQuick QuoteAvailable to EnquiryRemoveXCACR-IR010101FBAvailableYASKAWA ELECTRIC[…]YASKAWAQuick QuoteQuick QuoteAvailable to EnquiryRemoveXJANCD-MCG01-1AvailableYASKAWA ELECTRIC[…]YASKAWAQuick QuoteQuick QuoteAvailable to EnquiryRemoveXSGMSV-50DDA6HAvailableYASKAWA ELECTRIC[…]YASKAWAQuick QuoteQuick QuoteAvailable to EnquiryRemoveXDR2-02ACAvailableYASKAWA ELECTRIC[…]YASKAWAQuick QuoteQuick QuoteAvailable to EnquiryRemoveXV1000AvailableYASKAWA V1000 Series[…]YASKAWAQuick QuoteQuick QuoteAvailable to EnquiryRemoveXJANCD-SV03AvailableYASKAWA CNC Board […]YASKAWAQuick QuoteQuick QuoteAvailable to EnquiryRemoveXJANCD-MSV01BAvailableYASKAWA PC BOARD[…]YASKAWAQuick QuoteQuick QuoteAvailable to EnquiryRemoveXJANCD-MSV01-2AvailableYASKAWA PC Board[…]YASKAWAQuick QuoteQuick QuoteAvailable to EnquiryRemoveXJANCD NCP011AvailableYASKAWA PC BOARD[…]YASKAWAQuick QuoteQuick QuoteAvailable to EnquiryRemoveXJANCD-NBB02AvailableYASKAWA Printed Circuit Board[…]YASKAWAQuick QuoteQuick QuoteAvailable to EnquiryRemoveXSGDH-02AE-OYAvailableYASKAWA SERVO DRIVE[…]YASKAWAQuick QuoteQuick QuoteAvailable to EnquiryRemove 1 2 3 … 64 →""}"
"yaskawa","cacr-ir010101fb","CACR-IR010101FB","https://www.obsoautomation.com/product/cacr-ir010101fb/","","","","{""snippet"":""XCACR-IR010101FBAvailableYASKAWA ELECTRIC[…]YASKAWAQuick QuoteQuick QuoteAvailable to EnquiryRemove""}"
"yaskawa","jancd-mcg01-1","JANCD-MCG01-1","https://www.obsoautomation.com/product/jancd-mcg01-1/","","","","{""snippet"":""XJANCD-MCG01-1AvailableYASKAWA ELECTRIC[…]YASKAWAQuick QuoteQuick QuoteAvailable to EnquiryRemove""}"
"yaskawa","sgmsv-50dda6h","SGMSV-50DDA6H","https://www.obsoautomation.com/product/sgmsv-50dda6h/","","","","{""snippet"":""XSGMSV-50DDA6HAvailableYASKAWA ELECTRIC[…]YASKAWAQuick QuoteQuick QuoteAvailable to EnquiryRemove""}"
"yaskawa","dr2-02ac","DR2-02AC","https://www.obsoautomation.com/product/dr2-02ac/","","","","{""snippet"":""XDR2-02ACAvailableYASKAWA ELECTRIC[…]YASKAWAQuick QuoteQuick QuoteAvailable to EnquiryRemove""}"
"yaskawa","v1000","V1000","https://www.obsoautomation.com/product/v1000/","","","","{""snippet"":""XV1000AvailableYASKAWA V1000 Series[…]YASKAWAQuick QuoteQuick QuoteAvailable to EnquiryRemove""}"
"yaskawa","jancd-sv03","JANCD-SV03","https://www.obsoautomation.com/product/jancd-sv03/","","","","{""snippet"":""XJANCD-SV03AvailableYASKAWA CNC Board […]YASKAWAQuick QuoteQuick QuoteAvailable to EnquiryRemove""}"
"yaskawa","jancd-msv01b","JANCD-MSV01B","https://www.obsoautomation.com/product/jancd-msv01b/","","","","{""snippet"":""XJANCD-MSV01BAvailableYASKAWA PC BOARD[…]YASKAWAQuick QuoteQuick QuoteAvailable to EnquiryRemove""}"
"yaskawa","jancd-msv01-2","JANCD-MSV01-2","https://www.obsoautomation.com/product/jancd-msv01-2/","","","","{""snippet"":""XJANCD-MSV01-2AvailableYASKAWA PC Board[…]YASKAWAQuick QuoteQuick QuoteAvailable to EnquiryRemove""}"
"yaskawa","jancdncp011","JANCD NCP011","https://www.obsoautomation.com/product/jancdncp011/","","","","{""snippet"":""XJANCD NCP011AvailableYASKAWA PC BOARD[…]YASKAWAQuick QuoteQuick QuoteAvailable to EnquiryRemove""}"
"yaskawa","jancd-nbb02","JANCD-NBB02","https://www.obsoautomation.com/product/jancd-nbb02/","","","","{""snippet"":""XJANCD-NBB02AvailableYASKAWA Printed Circuit Board[…]YASKAWAQuick QuoteQuick QuoteAvailable to EnquiryRemove""}"
"yaskawa","sgdh-02ae-oy","SGDH-02AE-OY","https://www.obsoautomation.com/product/sgdh-02ae-oy/","","","","{""snippet"":""XSGDH-02AE-OYAvailableYASKAWA SERVO DRIVE[…]YASKAWAQuick QuoteQuick QuoteAvailable to EnquiryRemove""}"
"yaskawa","sh10050030000000001100","SH100/50030/0/0/00/00/00/11/00","https://www.obsoautomation.com/product/sh10050030000000001100/","","","","{""snippet"":""SH100/50030/0/0/00/00/00/11/00 Available SCHNEIDER ELECTRIC SERVO MOTOR[…] Get a Quote""}"
"yaskawa","cj1w-ct021","CJ1W-CT021","https://www.obsoautomation.com/product/cj1w-ct021/","","","","{""snippet"":""CJ1W-CT021 Available OMRON HIGH-SPEED COUNTER[…] Get a Quote""}"
